first_name,Minit,last_name,BDate,Address,gender,Salary
Antonina,h,Bartosiak,7/23/2020,1002 Boyd Pass,1,61994
Freddi,e,Hofer,2/18/2020,8 Scofield Alley,1,96359
Salvador,Z,MacBarron,9/13/2020,8 Anhalt Plaza,1,20380
Rosie,Q,Titchard,8/9/2016,1259 Meadow Vale Point,0,61050
Devin,S,Keynd,3/12/2015,6265 Di Loreto Point,2,99380
Jarret,j,Caherny,6/21/2018,5 Stang Court,0,40209
Ignace,r,Prott,9/18/2015,0 Del Mar Court,2,25022
Jasen,H,Manoelli,12/7/2021,4 Troy Trail,2,46682
Dillie,W,Doxey,12/13/2018,54481 Washington Center,2,23570
Marja,u,Bickley,2/4/2017,644 Westerfield Center,2,67196
Garrik,H,McCaughran,10/17/2021,51222 Schmedeman Junction,2,11223
Kimmy,i,Primo,6/8/2017,59248 Carey Avenue,2,1289
Ernst,T,Joannidi,2/22/2021,9259 Packers Avenue,2,32829
Wood,V,Sanbrook,12/5/2020,03725 Chive Hill,2,81785
Shaine,U,Birkwood,9/1/2022,3 Cody Trail,2,89443
Henrieta,Z,Mantione,2/11/2015,74 Talmadge Point,0,80180
Louisette,s,Tallow,11/24/2018,00897 Ridgeview Point,2,33750
Pip,f,Ovens,12/14/2017,1 Lyons Parkway,0,91380
Giffy,Y,Bearns,9/17/2015,58 Delaware Plaza,2,75447
Zandra,n,Gauford,5/2/2018,63562 Morrow Street,0,14754
Erin,C,Piccop,1/21/2014,89156 Sunnyside Road,1,8499
Brittany,Q,Seeviour,3/24/2016,683 Walton Junction,1,15231
Augustine,J,Coad,7/16/2019,2 Harbort Plaza,0,37244
Charlotta,W,Fairall,8/29/2022,216 Straubel Avenue,2,99405
Kylie,L,Bielfeld,6/2/2013,8373 Duke Avenue,0,46860
Taffy,j,Nesbit,3/1/2015,9 Clemons Trail,2,49521
Patricia,i,Mc Andrew,6/2/2015,827 Thackeray Drive,1,24404
Shaun,I,Krishtopaittis,11/2/2013,10 Judy Court,1,7858
Wang,N,Leckenby,8/31/2014,4431 Rigney Lane,1,63271
June,w,Marquess,11/14/2022,03 Golden Leaf Circle,1,21789
Stanislaus,d,Suerz,3/21/2020,0309 Continental Road,0,82510
Anestassia,R,Limming,4/30/2018,702 Armistice Drive,2,29200
Elbertina,V,Harteley,2/22/2022,12337 Packers Junction,1,14179
Ethel,K,Saturley,11/18/2017,30754 Tennessee Road,1,74368
Peter,U,Fawlks,12/11/2020,2713 Bluestem Court,1,16764
Francoise,n,Cregan,9/26/2013,081 Mcguire Drive,0,51087
Leda,R,Mollin,8/4/2013,21039 Morrow Road,2,25593
Fianna,Z,Clayal,3/6/2018,65 Lukken Court,0,88555
Byram,g,Spottiswoode,3/30/2014,9 Harper Lane,1,66292
Jennifer,O,Shapcott,10/15/2013,8017 Bowman Plaza,1,12668
Kareem,m,Allwell,12/15/2015,84 Shopko Alley,2,74156
Felix,d,Emanueli,2/16/2017,26251 Myrtle Parkway,0,76894
Delila,S,Emmison,3/20/2017,4441 Dottie Terrace,1,86197
Edna,q,Harewood,12/5/2015,4 Old Gate Way,0,20131
Ethyl,K,Malenoir,4/28/2020,7668 Scoville Terrace,0,97248
Filippa,E,Matthisson,3/10/2021,832 Scofield Circle,0,89858
Erda,a,Mallia,8/27/2018,79617 Dakota Trail,1,74088
Jacklin,o,Abramow,7/1/2020,00 Montana Park,2,7838
Merrie,V,Batterson,2/19/2022,6 Mendota Trail,2,57041
Nataline,I,Gratland,8/20/2015,8 Saint Paul Alley,2,96244
Hadrian,x,Eldredge,12/14/2021,319 Namekagon Center,1,50979
Ivy,Z,Jellico,10/20/2018,9791 Green Point,0,74218
Dayna,T,Willford,1/10/2019,87 Sommers Pass,1,93568
Bertrand,x,Bailie,3/18/2019,1718 Farragut Circle,0,5054
Charisse,J,Steger,9/2/2019,541 Clemons Plaza,2,47556
Tabor,n,Rushbrook,6/24/2020,57791 Cottonwood Crossing,2,42712
Enrichetta,V,Pulfer,2/17/2021,11581 Magdeline Court,1,13481
Hy,Z,Haskur,5/23/2014,59232 Lighthouse Bay Place,1,69689
Paulo,h,Ondrich,12/3/2015,2 2nd Place,2,6180
Jewelle,t,Kiss,10/5/2016,4 Dakota Crossing,0,69650
Joly,h,Bailie,7/2/2019,8 Hollow Ridge Lane,0,34136
Mortie,E,Mingauld,6/24/2019,277 Namekagon Drive,0,33904
Rodi,h,Thomke,8/10/2014,35979 Mandrake Junction,0,90284
Skip,p,Puden,10/11/2019,55359 Prairie Rose Crossing,0,58600
Floyd,l,Menier,10/3/2013,6 Cordelia Point,1,12513
Ashly,k,Ramsay,5/21/2015,48660 Merry Road,1,86012
Lesli,Z,Videler,11/10/2016,311 Arapahoe Circle,0,13030
Carrie,F,Paviour,7/3/2013,965 Oakridge Street,0,39776
Hansiain,f,Briereton,7/14/2022,26 Kings Circle,1,62490
Carolyne,p,Loosley,7/26/2019,35 Swallow Court,2,99166
Zaneta,w,Iddiens,6/17/2016,74 Jenifer Junction,1,46297
Corbet,Z,Plaschke,8/27/2017,2020 Onsgard Plaza,1,63841
Inger,l,McGirl,6/30/2013,543 Pleasure Pass,2,17976
Virginia,R,Grane,2/20/2020,956 Lighthouse Bay Avenue,0,91912
Papagena,e,Carah,7/4/2022,55165 Express Hill,2,69867
Rowney,t,Eliyahu,4/27/2014,9 Village Green Alley,0,87729
Vale,w,Childers,10/10/2020,88706 Arapahoe Avenue,0,69983
Gilberto,J,Rickersy,1/18/2021,317 International Park,0,87362
Marsha,N,Timmins,2/8/2016,3 Norway Maple Circle,0,275
Dietrich,q,McKall,12/21/2017,1428 Columbus Pass,0,40475
Lila,S,Pavlovsky,9/18/2013,3 Ryan Trail,1,30498
Erina,C,Barrowcliffe,1/12/2020,656 Old Gate Crossing,0,88066
Bryant,l,Gyppes,12/5/2017,0950 Eastwood Pass,0,54062
Boy,B,Guppie,5/30/2018,14 Straubel Way,0,74586
Melisandra,E,Seivertsen,8/22/2014,3890 Kings Point,2,74203
Noemi,r,Helix,1/21/2017,003 Weeping Birch Hill,2,41791
Darci,p,Swannack,4/18/2017,69603 Bluejay Parkway,0,26548
Keriann,s,Gyles,9/9/2014,58 Shoshone Court,1,67515
Gabe,t,Berka,12/31/2017,33 Canary Place,2,36445
Erwin,f,Fennick,6/5/2014,4 Algoma Junction,0,11965
Ricky,c,Kleynermans,9/21/2014,1 Sunbrook Road,1,13443
Kass,O,McCreedy,8/8/2021,0558 Heath Place,1,32044
Danila,q,Barrack,5/15/2022,1248 Ramsey Alley,2,27957
Rhodia,r,Boog,2/26/2021,9985 Lukken Way,2,17023
Red,o,Milton,8/28/2018,0 Mandrake Plaza,2,46262
Kamila,K,Romayn,12/20/2017,118 Manley Street,1,59811
Marita,L,August,1/1/2019,96949 Weeping Birch Junction,0,77951
Kenna,z,Sturney,4/7/2021,7 Quincy Lane,2,97946
Althea,o,Boocock,11/19/2013,1831 Forest Run Road,1,32228
Hamlen,x,Aliberti,8/27/2014,3550 Meadow Ridge Alley,0,65651
Bealle,b,Wellbelove,11/19/2014,96326 Hudson Trail,2,74461
Silvester,S,Baglan,12/1/2015,59 Sunfield Point,0,47200
Nikos,T,Fosse,8/8/2018,627 Longview Drive,1,18648
Aubrette,n,Maps,3/10/2015,09 High Crossing Pass,2,94192
Raddy,R,Caines,5/18/2021,1 Crownhardt Alley,1,94917
Sophi,A,Scotting,2/9/2021,48041 Morning Crossing,2,65614
Marin,c,Ourtic,4/5/2017,22 Oriole Way,2,95625
Egor,O,Chivrall,11/23/2019,761 Debra Lane,1,86237
Alyce,Z,Streat,8/8/2021,29 Forster Avenue,2,86901
Korry,v,Botger,6/14/2013,0 Badeau Pass,1,20993
Shandee,r,Garnar,10/1/2017,20 Luster Court,0,46998
Lorianne,J,Patriskson,3/18/2019,86 Nobel Circle,2,80200
Tansy,f,Armell,12/17/2021,784 Meadow Vale Trail,1,84657
Bernette,l,Brecon,6/18/2020,75 Golf View Pass,1,23362
Cati,w,Crowcher,5/23/2022,288 Bowman Crossing,1,98874
Hyacinthie,E,Haitlie,1/30/2016,3213 Brentwood Lane,0,4867
Clary,M,Fiddiman,3/16/2016,0 Dexter Way,1,94401
Blanca,D,Carbett,8/30/2013,07909 Towne Drive,0,81007
Ninnetta,l,Delaprelle,4/2/2018,1084 Grasskamp Court,2,64892
Darren,O,Zeplin,2/13/2018,7456 Troy Drive,1,90181
Merridie,D,McWhinnie,4/4/2017,37912 Washington Crossing,0,485
Candida,R,Lacer,10/17/2016,3 Comanche Circle,1,53964
Molly,e,Rosenblad,8/5/2019,7941 Knutson Court,2,57239
Norman,K,Shawley,10/18/2017,7165 Mayfield Center,1,80642
Bron,O,Pherps,1/25/2019,327 Eastwood Street,0,36729
Erroll,M,Kloska,6/6/2022,33 Briar Crest Trail,2,2159
Sisely,v,Cockell,7/20/2015,8069 Lillian Trail,2,91259
Parnell,N,Vannet,9/6/2020,2 Namekagon Park,2,7640
Haskell,N,Albany,10/17/2022,118 Dorton Circle,2,8295
Dian,Z,Cains,8/12/2013,95 Drewry Road,1,11802
Radcliffe,i,Alyonov,11/2/2013,5070 Pleasure Drive,2,82999
Wilden,d,Dagnall,9/13/2021,0 Forster Circle,0,34178
Hillyer,q,Mateuszczyk,7/5/2018,1241 Mosinee Court,2,14879
Mary,o,Kyme,10/10/2017,4 Jay Parkway,2,13244
Ricki,I,Attwoull,8/4/2015,924 Gale Hill,2,95394
Doloritas,g,Mounsey,12/12/2016,02707 Springs Place,0,20165
Esme,r,Comi,4/28/2020,7 Lerdahl Center,2,20599
Jacob,r,Mayman,7/22/2018,74678 Anthes Pass,1,72772
Kissee,h,Heeps,6/3/2022,8981 Melrose Terrace,2,53269
Bernice,S,Davsley,5/18/2022,81 Ridge Oak Pass,0,50773
Katinka,y,Fishbourne,3/20/2021,96 Mosinee Center,0,21130
Audie,F,Readmire,1/30/2018,02227 Bartillon Trail,0,85767
Paxon,k,Palmby,9/16/2019,89 Barby Hill,2,7102
Drucill,e,Bescoby,5/17/2013,89354 Briar Crest Street,1,3038
Richie,E,Ritchings,3/2/2016,16072 Gerald Alley,0,59812
Patric,d,Rapa,9/4/2019,10 Summit Trail,0,38599
Andromache,w,Pybus,4/6/2018,45825 Darwin Parkway,0,62339
Seka,l,Doak,11/6/2022,4380 Butternut Point,0,72523
Olwen,k,Lossman,7/29/2013,3 Darwin Point,2,14537
Nickie,g,Brabbs,9/23/2021,488 Cascade Circle,2,25171
Archie,e,Sieghard,9/20/2018,5104 Waywood Circle,2,89163
Denny,I,Hambatch,10/26/2014,777 Annamark Trail,1,69924
Guinevere,k,Callicott,12/15/2017,08 Glendale Parkway,0,98551
Adrienne,c,Hamfleet,3/16/2022,4402 Morrow Street,2,89854
Paddy,q,Shervil,4/14/2017,32530 Kropf Parkway,2,23769
Rutger,R,Brimmicombe,1/26/2017,02 Harbort Parkway,1,83824
Horacio,g,Garnsworth,7/4/2021,2615 Dunning Alley,1,60401
Viviyan,S,Rewcassell,4/22/2016,91511 Mitchell Junction,0,66135
Caesar,s,Plumbe,1/10/2022,6265 Schurz Way,0,4020
Nathan,T,Desforges,6/30/2016,18280 Riverside Avenue,1,38719
Lock,k,Tompkiss,1/7/2021,15 Manitowish Trail,2,83429
Verile,u,Nassau,3/24/2015,60 Transport Point,1,1550
Julieta,u,Evison,4/16/2021,32018 Straubel Center,1,25421
Lanna,q,Thairs,7/4/2013,5458 Harper Center,0,34527
Price,x,Toffalo,6/30/2013,00866 Mesta Parkway,0,8385
Donalt,s,Noury,11/27/2019,22489 Amoth Trail,2,6602
Joy,b,Chettle,2/10/2015,3616 Sloan Hill,1,72304
Marquita,N,Shapera,8/28/2017,28 Mosinee Avenue,0,71498
Marjorie,y,Brocklehurst,7/8/2021,64 Sheridan Center,0,90481
Melinde,h,Lomis,2/16/2022,010 Warrior Court,2,92553
Roley,r,Champken,5/28/2017,231 Glendale Hill,1,58997
Erina,c,Lodevick,6/18/2022,42588 Elmside Plaza,0,40420
Rorie,O,Goodin,3/5/2017,04209 International Drive,0,88127
Carmelia,y,Junkison,7/12/2013,83 Manufacturers Terrace,1,12549
Dudley,r,Wilse,4/13/2014,237 Lake View Trail,1,41055
Gaby,L,Collman,9/1/2017,412 Lakewood Plaza,0,36559
Jedd,J,McMichan,5/17/2017,58677 Duke Circle,1,94398
Sande,B,Cranmere,9/15/2017,231 Thierer Junction,1,96601
Bink,m,Finby,10/26/2015,01623 5th Parkway,2,95372
Carleton,F,Riggert,8/2/2015,2 Warner Street,1,12674
Opalina,f,Fabbro,9/8/2018,19 Montana Circle,0,99256
Crissy,w,Roache,9/14/2019,3776 Arizona Road,2,9373
Sebastian,o,Farebrother,10/26/2014,2 Hanover Place,1,47386
Ailey,e,Agar,5/21/2013,2 Brentwood Road,2,48242
Nannie,I,Bruineman,6/15/2014,6391 Ilene Street,1,86163
Jennine,e,Mathias,6/26/2016,16 Crownhardt Parkway,0,88564
Eloisa,Y,MacCulloch,4/1/2018,9 Nova Circle,2,85991
Guntar,Q,Westhoff,6/21/2017,835 Forest Dale Plaza,2,19315
Maurene,w,Simonitto,6/6/2019,43709 Hoard Road,2,8443
Mickie,t,Abell,7/16/2017,47 Russell Junction,0,85112
Perice,H,Banaszkiewicz,6/29/2022,993 Washington Court,0,14284
Glenn,q,Cleyburn,12/31/2014,70 Erie Road,1,92832
Peterus,B,Wrey,1/16/2014,693 Haas Alley,0,52714
Durante,b,Eilhart,3/20/2022,42 Sheridan Alley,1,20425
Rudolf,Q,Ellens,6/12/2020,579 Independence Point,1,67775
Phillis,I,Rossi,7/14/2019,4462 Chive Street,0,59108
Jody,V,Spedroni,10/1/2021,66597 Hanson Drive,2,37665
Mallory,A,Dadd,6/13/2016,9 Sunnyside Junction,1,3196
Diena,f,Briiginshaw,2/19/2016,69 David Place,0,62795
Klara,R,Joye,11/26/2018,6 Jenna Terrace,2,69087
Ryan,a,de Mullett,11/13/2018,54533 Sutherland Point,0,55781
Morten,Z,Cromleholme,5/17/2021,890 Merry Street,1,73158
Jaimie,W,Kernermann,7/31/2015,60315 Dorton Plaza,1,99326
Cilka,O,Smogur,7/21/2018,296 Raven Place,1,99944
Leroi,b,Vine,5/14/2017,7 American Park,0,6667
Emilia,y,Theunissen,8/13/2018,32849 Drewry Court,0,95735
Florry,Q,Lepope,2/1/2019,4 Commercial Place,1,46055
Kevin,j,Plumbridge,9/17/2017,9976 Kings Hill,0,19674
Ruddy,s,Ilchenko,5/18/2019,12 Nancy Terrace,1,54608
Hall,D,Polfer,4/10/2014,148 Dunning Place,2,79067
Shaun,z,Skiplorne,2/28/2017,50 Granby Hill,0,9031
Roxy,y,Mumm,8/9/2014,329 Schurz Park,2,33381
Morris,g,Brewerton,1/5/2015,335 Nobel Park,1,70459
Fanny,a,Fobidge,3/4/2020,220 Novick Road,2,58612
Ragnar,s,Truran,4/5/2019,51203 Mitchell Circle,2,98305
Andrea,V,Gilley,6/4/2019,070 Bluejay Terrace,2,4861
Obidiah,F,Ipplett,8/28/2014,7950 Dexter Court,0,25554
Odessa,F,Walmsley,11/6/2014,751 Schmedeman Lane,0,44014
Philipa,a,Wickett,8/11/2017,147 Waxwing Avenue,0,43675
Chris,q,Dmitrichenko,8/27/2020,8 Morning Trail,1,72346
Yule,S,Hardy,11/7/2013,217 Armistice Parkway,2,21968
Nadeen,U,Kees,7/24/2021,281 Becker Alley,0,74010
Shelly,F,Audsley,11/25/2017,76 Del Sol Point,2,95823
Giana,Z,Amner,12/1/2021,79747 Old Gate Way,0,44396
Emelia,o,Towner,6/21/2022,8 Bluestem Park,0,80026
Lesly,z,Guyonneau,11/7/2015,77 7th Lane,2,14948
Alasdair,J,Pountney,11/15/2013,28330 Express Place,2,67540
Rozanne,j,Sockell,1/27/2019,1 Waxwing Circle,1,6348
Tully,s,Mulvihill,8/31/2017,79 Ronald Regan Place,1,63366
Tallie,Q,Graith,2/2/2022,12 Vermont Court,1,40972
Lian,T,Metzel,1/14/2021,4131 Rockefeller Way,2,39688
Phedra,k,McDade,12/28/2021,91 Homewood Point,2,90240
Shara,A,Longland,11/12/2018,14219 Mandrake Pass,0,84023
Josephina,P,Beton,8/17/2017,5115 8th Junction,0,45229
Shaine,a,Borsay,6/13/2019,68544 Blackbird Road,0,4844
Paula,e,Le Blond,4/9/2015,838 Superior Junction,2,3489
Jannelle,P,Biddy,5/6/2017,356 Briar Crest Center,0,2544
Eileen,S,Buckbee,8/29/2019,82484 5th Trail,2,20945
Deedee,j,Pavlasek,11/16/2015,0458 Charing Cross Avenue,2,3231
Germain,c,Maskill,4/9/2017,1 Stephen Place,1,64508
Ede,k,Goodin,10/28/2022,02 North Point,1,47778
Bernadina,o,MacBey,8/15/2014,973 Tomscot Trail,0,14374
Rivalee,g,Gurge,8/31/2019,72917 Northview Hill,0,89099
Kendrick,A,Risborough,4/12/2018,349 Grayhawk Circle,2,93053
Arturo,W,Dewdney,12/23/2019,99 Carioca Trail,1,8085
Ysabel,b,Cluely,4/3/2021,579 Morrow Pass,0,79088
Ariel,T,Clemerson,8/6/2016,9 Rieder Lane,0,61353
Victor,G,Shark,4/22/2020,34 Fulton Trail,2,8167
Randi,z,Presslee,2/1/2022,96 Bluestem Junction,2,70634
Bordy,k,Hibbart,11/14/2020,4750 Algoma Pass,2,83661
Brenn,e,Carsey,3/13/2021,4473 Hansons Court,0,67727
Julita,G,Bourhill,5/26/2015,879 Ludington Center,1,42023
Irina,q,Pardue,8/20/2013,324 Springview Park,0,13039
Moritz,v,Mitskevich,8/21/2020,71418 Melvin Way,2,54336
Leslie,X,Pietruszka,2/19/2019,24511 Darwin Lane,2,72328
Germayne,P,Berryann,12/17/2020,6 Shasta Hill,2,16658
Archibald,O,Aloshikin,1/2/2022,94922 Golf Circle,0,65827
Miles,y,Starbeck,4/29/2017,609 Holmberg Court,0,62674
Mattie,h,Murford,11/24/2017,4 Bartillon Road,2,46113
Hamlin,q,Dakhno,2/4/2019,03378 Orin Court,1,81389
Zed,D,Flahive,10/5/2013,2 Esker Pass,0,18419
Karleen,V,Wilder,8/27/2013,96 Melrose Court,2,21921
Kurt,z,Persicke,1/11/2015,15307 Randy Circle,2,74064
Neil,o,Tombleson,8/14/2021,0244 Marcy Center,0,44184
Tory,I,MacCall,12/31/2019,09835 Sloan Road,1,26776
Bastien,a,Rembrandt,7/2/2016,28 Sachtjen Circle,1,99788
Ewart,w,Fareweather,5/5/2021,542 Marquette Point,2,66088
Therine,I,Oake,6/14/2017,1 Eliot Way,1,37573
Derick,M,Featherston,5/5/2021,12851 Petterle Road,1,22328
Rheta,O,Hugenin,8/7/2013,86151 Blaine Center,2,24937
Stan,L,Wasiela,4/4/2021,767 Glendale Street,2,90543
Maxi,X,Mearing,3/31/2020,7923 Packers Alley,1,89709
Celestyna,H,Ledford,2/16/2018,8 Schiller Junction,0,60341
Benny,Q,Rafter,6/7/2018,43200 Quincy Court,1,87969
Theresa,s,Loble,4/13/2017,5801 Annamark Point,2,14103
Loydie,G,Concannon,12/18/2019,7 Coleman Park,2,40070
Martynne,h,Danielli,9/15/2022,192 Everett Alley,2,49957
Linoel,N,Spier,10/25/2019,950 Laurel Plaza,1,61794
Leontyne,Z,Brewse,11/5/2019,09 Oakridge Park,0,17119
Nannie,Q,Load,7/24/2018,21045 Upham Alley,2,11447
Shena,F,Andreazzi,2/2/2015,874 Drewry Circle,2,42392
Alaster,J,Rotham,8/28/2013,1 Meadow Ridge Hill,2,39525
Lynnell,d,Leadston,2/23/2021,1807 Monterey Lane,1,79547
Bonnee,W,Ginglell,4/12/2021,203 American Center,1,74090
Graham,W,Crosser,10/16/2021,93 Village Alley,1,2773
Maggy,d,Attenborough,6/28/2021,1194 Comanche Hill,1,15013
Abie,R,Arnaudet,11/24/2013,68505 Di Loreto Hill,0,26120
Bar,d,Tramel,10/12/2014,89 Anniversary Drive,2,2917
Mattheus,z,Goodband,12/5/2022,6469 Oakridge Center,0,93789
Jannel,X,De Winton,7/23/2018,23679 Dakota Place,2,38564
Estrellita,h,Hastler,2/19/2014,4 Schmedeman Hill,1,99559
Walton,l,Monteaux,4/27/2021,38 Vidon Road,0,43328
Gale,q,Ballantine,4/21/2014,76577 Springview Street,2,89148
Kassey,H,Izac,8/30/2017,73803 Cascade Place,0,84166
Opalina,F,MacCostye,10/18/2016,8 Spohn Center,1,78086
Clementine,T,Yakunkin,4/28/2015,97656 Lake View Pass,2,91781
Bernadine,K,Valentelli,10/18/2018,6334 Anderson Place,0,19686
Hedi,r,Trillo,4/10/2016,8 Pawling Trail,0,62882
Joane,q,Flasby,2/23/2022,03 Eagan Trail,0,33017
Lazare,C,Casoni,9/7/2018,216 Ludington Road,0,6336
Tansy,K,Haycock,1/21/2014,663 Toban Parkway,0,17600
Hillel,A,Kiessel,5/30/2019,17589 Bayside Court,0,62989
Pauletta,E,Rochford,8/4/2015,6 Cody Park,0,56652
Shamus,t,Hush,5/2/2017,1 Namekagon Pass,1,39223
Harman,Z,Lark,3/16/2015,14 Pankratz Drive,0,85633
Jasper,k,Pheazey,5/31/2020,0 Green Plaza,2,20522
Dody,U,Waterfield,3/20/2021,5571 Shoshone Way,2,63956
Siana,Q,Soares,12/8/2020,044 North Way,2,95974
Kai,J,Blenkinsopp,7/26/2019,777 Old Gate Hill,2,54185
Charley,V,Fosbraey,11/7/2013,8031 Larry Street,1,42346
Retha,X,Jouhning,8/23/2017,3 Ridgeview Circle,2,10206
Horacio,p,Townson,8/11/2017,16 Weeping Birch Terrace,2,33317
Tresa,V,Gimert,12/11/2017,891 Colorado Way,1,25450
Maurise,F,Mohammed,9/24/2018,74090 Fulton Junction,1,52594
Zed,S,Omar,8/9/2020,57 Moland Crossing,1,90557
Lynnette,w,Ithell,8/10/2017,5372 Forest Dale Avenue,2,66220
Matthiew,Z,Deniske,11/16/2018,6 Logan Circle,0,94514
Gale,N,McGonigal,10/11/2013,61 Manley Road,0,35572
Adrianne,F,Dawes,5/8/2013,5132 Cordelia Lane,1,80390
Bald,c,Schrir,1/15/2017,8 Holmberg Lane,2,65831
Rick,m,Walthall,9/23/2022,6 Independence Park,2,44864
Rois,C,Cubbini,5/14/2014,59939 Dennis Junction,1,61027
Matty,w,Sircomb,10/22/2020,37 Union Avenue,1,67021
Annaliese,X,Oherlihy,7/5/2022,9670 North Hill,0,7740
Felicdad,x,Halligan,11/22/2022,4 Upham Lane,2,39645
Carrie,J,McLarens,5/31/2017,448 Lien Plaza,0,1579
Raine,N,Fontelles,3/30/2014,816 Hoepker Parkway,1,53380
Felizio,O,Perri,5/20/2017,36 Troy Parkway,1,40213
Bonny,Z,Skylett,7/21/2018,5427 Victoria Pass,0,17440
Shay,H,Simeoli,2/2/2015,5528 Shopko Pass,2,35320
Jorrie,k,Sacker,8/9/2018,12 Merry Trail,2,36103
Traver,o,Hardwidge,1/17/2017,8078 Nova Center,2,47233
Curcio,i,Bale,9/28/2015,7237 Packers Center,2,44163
Carey,l,MacKibbon,5/2/2021,38797 Ilene Way,1,43901
Riva,V,Timbridge,9/25/2014,26858 Clyde Gallagher Court,1,93401
Reynold,B,Brotherhood,10/5/2019,68399 Kinsman Avenue,0,87316
Uriel,V,Reuven,11/19/2017,683 Dakota Terrace,1,1812
Tracey,a,Keeting,8/25/2015,4640 Maple Wood Crossing,1,87061
Gisella,g,Morecombe,4/15/2022,0 Clove Alley,1,70338
Isabelita,e,Murney,10/25/2022,2 Golf View Lane,0,23310
Cordy,E,Baily,6/13/2014,42407 Hagan Terrace,2,24632
Jose,Z,Oldfield,3/2/2019,987 Carberry Drive,2,41624
Faun,T,Penquet,8/1/2017,51 7th Parkway,2,3143
Sandro,c,Simla,6/24/2021,69228 Tennessee Pass,2,60965
Doralynn,e,Wistance,9/3/2019,5 Thackeray Crossing,2,57858
Caroline,U,Soigoux,6/22/2016,466 School Plaza,2,97309
Leoline,T,Mollon,5/14/2020,2 Boyd Court,1,98983
Jemmie,p,Marchent,2/21/2014,0923 Caliangt Plaza,1,82012
Aloin,k,MacSherry,12/20/2021,48417 Thierer Parkway,1,92044
Fergus,v,Gromley,7/18/2017,5 Weeping Birch Junction,2,51059
Carmen,n,Schlag,9/23/2018,151 Clove Way,0,82378
Alleen,T,Durston,5/10/2019,0069 Jay Place,2,8069
Krissy,j,Luter,6/14/2016,07 Monterey Point,0,24437
Torrie,U,Frankling,2/7/2020,1578 Northwestern Way,0,99099
Robbi,c,Crang,2/22/2014,52 Sherman Place,1,6890
Mel,v,Load,2/18/2016,57015 Everett Parkway,1,757
Penn,b,Follen,8/16/2021,178 Raven Street,2,97137
Georgiana,G,Laboune,2/16/2019,16 Sommers Junction,1,42882
Beryle,T,Tappin,1/31/2018,50614 Orin Junction,1,93553
Tori,f,Good,4/15/2016,753 Starling Crossing,1,21730
Mandie,J,Lukesch,8/31/2020,5 Knutson Trail,2,38847
Marve,O,Bourget,2/20/2020,341 Badeau Alley,0,28496
Orlando,s,Cramphorn,8/13/2022,31223 Dahle Point,2,9718
Allis,t,Dockrey,7/25/2019,287 Acker Road,2,76071
Killian,h,Benes,2/22/2015,090 Melby Court,2,59821
Lovell,p,Cameron,6/11/2019,69 Pierstorff Plaza,1,86779
Stanton,x,Mitchley,2/8/2014,44 Starling Place,0,82570
Annelise,G,Scoffins,8/9/2021,230 Leroy Plaza,1,73571
Dyana,K,Couve,8/31/2014,570 Esker Park,1,41854
Zebadiah,H,Medland,5/5/2020,712 Eliot Alley,0,1772
Ceil,Z,Meecher,5/10/2015,84 Sauthoff Pass,1,10530
Florrie,i,Baytrop,9/26/2019,115 Mifflin Point,0,18693
Merle,r,Spellsworth,12/7/2018,0 Dayton Junction,2,79605
Rudolfo,M,Verrillo,8/14/2019,24870 Old Gate Place,2,23986
Melinde,m,Stanworth,3/24/2020,0460 Starling Pass,1,77208
Kylie,W,Witheford,5/1/2015,26 Ronald Regan Crossing,1,49677
Kaylyn,j,Storres,12/10/2020,3037 Heath Way,1,72845
Adena,W,Matousek,4/13/2018,59 Vidon Center,1,44612
Tanitansy,C,Handlin,5/20/2022,37352 Bay Point,1,29228
Olenka,x,Andreolli,1/25/2019,4983 Corscot Crossing,0,94164
Svend,U,Iltchev,7/9/2015,35 Ronald Regan Terrace,0,47569
Cookie,k,Campbell-Dunlop,2/22/2021,16372 Independence Court,2,81805
Josephina,x,Clarke-Williams,6/26/2016,70359 Colorado Drive,1,67651
Marcile,k,Krale,5/18/2021,178 Spaight Hill,1,44010
Risa,y,Preston,5/22/2015,1901 Eastlawn Circle,1,53088
Basilio,m,Howsam,1/30/2018,826 Moulton Plaza,2,95790
Bartholomeus,f,Stidston,2/1/2022,92014 Bartelt Parkway,1,38275
Marsha,M,Spira,8/11/2022,0 Carpenter Parkway,0,23529
Gwenore,d,De Bruin,10/13/2017,0 Moose Park,2,36934
Glenine,U,Mabbot,7/29/2014,8189 Sloan Trail,1,12531
Collin,t,Rundall,11/9/2018,2101 Warner Court,1,309
Gae,h,Deners,7/25/2016,48046 Tennessee Terrace,1,50477
Tova,W,Roughley,9/11/2017,489 Sachs Alley,0,9944
Antonietta,u,Meggison,8/10/2020,31240 Grayhawk Crossing,1,66553
Ceil,J,Mably,11/14/2018,63 Maple Trail,1,74642
Opal,w,Nicolls,12/5/2021,899 Mcbride Plaza,2,99755
Stella,a,Penella,2/3/2014,7887 Sloan Place,2,44180
Kelley,N,Gammon,4/15/2015,0 Northfield Center,0,6831
Briant,q,Amsberger,2/18/2019,5 Mayer Junction,2,46174
Jazmin,m,Arrington,7/7/2019,793 Dakota Way,0,94147
Walden,g,Steers,4/27/2021,61 Everett Parkway,0,77808
Creight,w,Vittori,4/14/2016,7 Miller Trail,0,18912
Dacia,o,Hirtzmann,5/31/2020,229 Main Lane,0,43075
Mikey,f,Clarson,2/3/2016,8 Maryland Avenue,1,22205
Toddie,h,Vale,6/20/2018,5853 Clyde Gallagher Road,2,95902
Antonio,Z,Keems,11/19/2021,9 Cardinal Way,1,63420
Aurora,T,Pitkaithly,9/9/2017,68 Scott Alley,2,88136
Wileen,a,Balffye,12/31/2020,427 Dovetail Avenue,2,39404
Royce,Y,Fiennes,3/20/2017,50 Banding Crossing,0,7920
Marlowe,W,Drivers,12/9/2018,129 Jenna Plaza,0,86243
Rochelle,Z,Trustie,2/5/2017,5 Homewood Parkway,2,37197
Pauletta,B,La Torre,6/16/2015,65604 Pankratz Parkway,1,26915
Lin,G,Simonini,9/18/2019,6884 Duke Plaza,1,63565
Bradly,g,Choppin,12/9/2021,190 Lotheville Junction,0,30735
Lukas,g,Moreland,3/16/2020,549 Cascade Plaza,1,85091
Eryn,Z,Pace,3/18/2015,9955 Autumn Leaf Street,2,44731
Hieronymus,d,Fawks,4/2/2019,7580 Eagan Crossing,2,64904
Ainslee,G,Vane,7/27/2021,092 Waywood Road,2,23418
Morena,p,Foad,8/1/2022,89 Schlimgen Pass,0,67805
Jeri,K,Bowbrick,7/17/2016,11683 Ridgeview Alley,1,39915
Darcie,U,Seeley,1/25/2019,6 Mockingbird Terrace,0,57700
Lyell,X,Shardlow,11/28/2015,7018 Fisk Point,1,55965
Harold,n,Preble,1/18/2021,86319 Sommers Circle,2,39936
Hermann,P,Chapier,12/3/2018,2 Warbler Plaza,0,17902
Eleanora,N,Kryszka,1/10/2016,88 Loeprich Hill,1,41588
Corrie,H,Dussy,10/25/2016,83061 Schiller Crossing,2,53262
Kristoffer,N,Giovanitti,4/30/2015,5 Gateway Trail,2,25777
Jabez,l,Bover,3/4/2021,75747 Scofield Point,2,93407
Kaiser,J,Carwithen,12/22/2018,616 Myrtle Way,0,62389
Skye,X,Loyndon,8/1/2014,724 Coolidge Terrace,0,47668
Cookie,W,Durnall,6/26/2018,61635 Amoth Circle,2,88214
Arron,w,Fazan,3/7/2017,01 Novick Point,2,27144
Leroi,g,Lashley,6/23/2020,07554 Service Park,2,56173
Candida,N,Di Napoli,11/18/2019,065 Sheridan Street,2,30291
Cos,V,Greeson,2/17/2014,97 Macpherson Circle,2,22614
Ingemar,L,Jilkes,2/25/2016,52 Bluejay Hill,1,20098
Art,W,Spurdle,5/9/2022,350 Leroy Junction,2,10244
Charlie,s,Edeler,3/1/2019,78 Meadow Vale Terrace,1,7836
Allene,n,Lorey,1/12/2018,1118 Almo Lane,2,88647
Ezequiel,F,Perell,5/15/2019,341 David Alley,2,96970
Loni,G,Darque,6/9/2022,12831 Calypso Park,0,52095
Maximo,S,Broodes,6/1/2014,14 Quincy Way,2,28237
Kristen,c,Bushill,3/10/2020,9 Emmet Street,1,92153
Taylor,e,McUre,1/23/2014,40 Vermont Park,1,48263
Roanna,s,Clarson,9/19/2018,479 Clyde Gallagher Plaza,1,32390
Nevile,W,Mayze,4/21/2015,35102 Division Junction,0,67496
Miguel,f,Wyrall,1/7/2022,0 Shoshone Place,1,63219
Nanine,R,Golde,3/1/2014,413 Oriole Lane,1,87226
Correy,P,Gemmill,11/9/2014,36062 Kipling Park,1,77048
Sofie,D,Wewell,11/27/2016,72522 Cardinal Park,1,158
Chen,W,Millberg,8/10/2015,44 Roxbury Street,2,68791
Gilda,S,Rosas,1/31/2016,276 Bultman Lane,2,83989
Corbet,s,Mardling,11/13/2022,726 Superior Alley,0,14611
Clovis,x,Millyard,12/16/2020,296 Manitowish Avenue,0,6863
Lucia,j,Perelli,10/25/2013,80 Bobwhite Terrace,0,78026
Dukie,y,Corde,4/7/2016,6043 Elka Way,0,76208
Margalit,W,Wilce,7/27/2015,71 Harbort Alley,0,17308
Randolph,o,Eggins,3/29/2020,24 Continental Circle,0,13185
Hettie,L,Lamacraft,7/3/2014,9 Hoard Center,2,13793
Abbe,F,Mc Kellen,10/25/2016,1 Aberg Terrace,0,14698
Hersch,e,Elsmore,5/4/2020,1 Moland Way,2,19471
Gustave,G,Klemps,1/23/2020,69480 Washington Crossing,2,64798
Dorita,U,Spellacy,6/15/2018,1 Ilene Center,0,50705
Mikel,Y,Milmoe,3/30/2019,0144 Sullivan Trail,2,98135
Cozmo,y,Micklewright,12/25/2014,674 Haas Pass,2,10668
Westleigh,F,Norres,12/20/2020,4 Schlimgen Pass,1,61546
Dredi,x,Barnewall,12/4/2018,1742 Loeprich Junction,0,4423
Erek,B,Meddick,9/26/2013,3276 Packers Circle,1,4704
Phylis,l,Woodes,7/9/2019,40971 Pine View Parkway,2,84449
Gregoire,c,Peach,5/24/2022,515 Hudson Street,0,85696
Sofie,j,Ibel,8/10/2014,7 Village Green Parkway,1,44588
Shawna,y,Pammenter,5/16/2019,1945 Ronald Regan Lane,0,23634
Kyla,B,Drane,8/7/2019,0 Grim Hill,2,76676
Christin,Q,Kenward,11/2/2021,31799 Corscot Plaza,1,82151
Suzie,o,Provost,9/7/2013,4 Elgar Circle,2,83270
Dave,B,Matchell,7/16/2022,82258 Veith Drive,1,27127
Moises,g,Nehls,3/19/2016,83103 Karstens Point,0,58591
Adiana,M,Hedin,8/13/2016,42743 Bashford Avenue,1,81272
Cleon,L,Houltham,9/12/2016,27 Moose Junction,0,50783
Dorita,I,Minmagh,2/3/2017,65735 Carioca Crossing,1,97092
Michel,X,Josef,2/7/2014,21 Lighthouse Bay Way,1,93072
Ilsa,i,Quakley,6/2/2014,4 Sutteridge Drive,0,20512
Lorne,U,Jickles,11/26/2021,1839 Oriole Parkway,0,69109
Aubry,E,Segebrecht,4/8/2022,228 Harper Circle,2,26568
Burty,d,Wyman,10/16/2020,1611 Spaight Avenue,2,38830
Lonny,F,Piniur,6/27/2015,197 Merchant Avenue,1,44057
Ingeborg,J,Bellefant,1/7/2022,4442 Texas Lane,1,74597
Lucien,k,Lutsch,5/2/2021,7 Forster Trail,2,32512
Paul,e,Benoist,12/14/2017,10 Laurel Place,2,26055
Marmaduke,G,Goggins,2/10/2014,00 Fisk Pass,1,8676
Arne,r,Eates,1/18/2014,00 Hoard Parkway,0,41183
Hannis,i,Linwood,12/20/2019,245 Esker Street,0,50744
Pavlov,y,Hedling,3/23/2017,073 Monument Avenue,1,40984
Karola,v,Bretherton,12/14/2015,267 Haas Hill,1,46198
Patty,e,Bachanski,1/1/2021,0293 Butterfield Drive,1,45463
Janetta,q,Belhome,5/21/2019,96327 Golf View Lane,1,85098
Antonina,E,Falks,5/14/2021,68280 Stephen Place,2,12155
Bram,D,Lindbergh,9/3/2019,7968 Walton Terrace,2,14960
Aili,N,Domenico,5/17/2015,4114 Bowman Hill,0,40920
Cesar,K,Kisbee,3/16/2021,2 Comanche Point,1,71566
Sofie,e,Romke,12/15/2015,89023 2nd Junction,0,20435
Esther,z,Perchard,3/13/2015,378 Springview Park,2,69883
Vladimir,R,Brogan,7/20/2016,46 Carberry Terrace,1,5790
Annabella,w,Broscombe,5/26/2018,0607 Summit Plaza,2,83190
Luce,W,Stileman,4/29/2014,1432 Packers Drive,0,39536
Vonni,Y,Hunston,2/9/2015,815 Buhler Crossing,1,76655
Lorrin,V,Perryn,6/19/2022,899 Algoma Place,0,49522
Carleen,Y,Bircher,11/29/2020,7 American Ash Center,1,51375
Giustina,z,Maden,3/13/2017,83 Arkansas Road,2,60265
Sallee,W,Roze,11/21/2017,30 Judy Terrace,1,84037
Leonid,L,Forst,9/14/2017,60144 Cascade Crossing,1,33854
Isabel,D,Dailly,1/13/2020,2326 Shelley Circle,2,72298
Bearnard,z,Whates,7/22/2017,7 Rusk Drive,0,94016
Natalee,X,Cornewell,5/27/2016,2063 Clemons Junction,0,57373
Berkly,t,Toye,6/19/2022,8 Reinke Crossing,1,50407
Kean,s,Hendrik,5/2/2020,88102 Oneill Circle,1,36254
Llywellyn,J,Gummory,8/25/2020,36488 Sommers Road,0,88845
Cacilia,T,Waldera,6/1/2013,5 Hooker Park,2,64635
Margaretha,I,Few,1/9/2020,594 Butterfield Terrace,2,81007
Sherill,U,Boyse,4/17/2016,335 Sutherland Parkway,2,83861
Mathian,F,Abelevitz,5/26/2022,1820 Coleman Pass,2,56279
Poul,R,Halliburton,5/28/2022,52076 Spaight Court,1,52888
Farrand,I,Kolczynski,6/29/2017,5047 Maple Wood Center,0,10911
Iain,T,Epton,12/3/2015,89 Mariners Cove Way,1,92141
Cathrin,e,Milverton,4/11/2018,427 Everett Center,0,33221
Murdoch,y,Grimster,10/26/2020,0 Bultman Parkway,2,42864
Dari,Q,Melson,9/21/2013,3711 Waywood Avenue,2,86445
Alina,R,Verillo,8/15/2022,5563 Jenifer Hill,1,7694
Leonore,W,Catcheside,2/19/2018,20 Hoepker Avenue,1,37283
Myrta,R,Newvill,4/27/2019,6504 Paget Court,2,81049
Archer,k,Brimman,8/14/2015,26379 Graedel Circle,0,67911
Alvy,N,Slateford,11/2/2016,4 Ludington Lane,0,90090
Maridel,i,Abrams,1/18/2017,5388 Golf View Park,1,3739
Frazier,K,Skures,11/17/2013,03495 Bobwhite Hill,2,3353
Lorrie,h,Gallemore,3/26/2022,85960 Prentice Plaza,2,4733
Margy,E,Brogiotti,9/21/2017,39581 Eastwood Court,0,8520
Gene,S,Ormshaw,3/25/2021,200 Ramsey Terrace,2,4341
Raf,z,Sizzey,11/9/2018,573 Stephen Lane,2,39619
Dan,k,Meece,10/1/2022,06599 Moulton Avenue,0,34278
Ringo,L,Roeby,8/15/2019,4765 Springs Crossing,0,9394
Barret,Z,Guard,10/18/2016,5818 Fairview Street,0,56729
Kimbell,C,Crossan,10/1/2020,040 Florence Court,2,48656
Worthington,d,Gadney,9/6/2015,42285 Butternut Lane,0,82005
Teddi,c,Noblett,4/21/2017,591 Helena Plaza,1,78906
Lane,J,Newham,9/12/2014,709 Kenwood Center,0,69862
Chane,M,Layzell,1/22/2014,14 Troy Avenue,2,89518
Berry,v,Fickling,7/1/2015,73 Dawn Drive,0,67529
Marten,E,Reimer,4/23/2021,4 Monica Center,0,19705
Kelvin,V,Libreros,5/17/2018,8978 Carioca Road,0,92219
Cordula,M,Fiorentino,11/25/2015,638 Briar Crest Terrace,0,73582
Lonee,U,Rawson,3/10/2017,8300 Lerdahl Point,1,21623
Felita,q,Issett,6/2/2021,05291 Doe Crossing Place,0,65369
Dianne,l,Ivanusyev,8/23/2021,0 Meadow Ridge Center,2,55584
Shalne,O,Manuaud,6/27/2019,58 Londonderry Point,1,60838
Whit,Z,Klouz,8/31/2015,8246 Mccormick Way,1,2507
Cicily,J,Glanders,1/21/2019,51768 Gina Crossing,2,76898
Padraig,m,Noe,12/19/2018,731 Morning Drive,0,9267
Charyl,C,Baldrick,7/14/2018,103 Pierstorff Road,2,28170
Marilee,p,Stopford,10/18/2014,42624 Butternut Place,2,22023
Jessamyn,C,Schaumaker,2/6/2020,2 Mallard Drive,0,38260
Viviene,T,Greenly,9/23/2014,16 Homewood Point,2,53754
Adelbert,p,Revie,9/8/2017,21228 Washington Parkway,2,75205
Karlan,S,Midgely,8/9/2016,701 Farmco Place,0,66853
Ephrem,O,Bentje,1/12/2020,28 Paget Road,2,24624
Cathie,d,Capper,4/16/2021,085 Roxbury Hill,2,25439
Colas,S,Keson,7/31/2018,56 Armistice Drive,2,42464
Liv,j,Ramard,1/6/2020,63 John Wall Street,2,30468
Maude,T,Yushin,4/26/2020,444 Merrick Park,2,97263
Joete,J,Harfoot,6/26/2013,1762 Kedzie Hill,1,98655
Corella,g,Mc Andrew,7/14/2021,61 Utah Circle,1,47866
Hannah,L,Abramsky,10/13/2016,457 Emmet Pass,2,53770
Blondie,e,Durrad,8/27/2017,7623 Ohio Lane,0,64431
Ruthanne,A,Provis,3/29/2020,5 Westport Street,2,5034
Flinn,f,Lorie,1/22/2016,009 Blackbird Avenue,2,95433
Hamel,K,Alloway,8/31/2014,0 Lyons Avenue,0,59601
Fay,D,Furnival,5/15/2020,9727 Garrison Avenue,2,25573
Wynn,w,Bragger,6/1/2016,3 Lunder Junction,2,29399
Lynsey,p,Beart,3/15/2018,8 Columbus Parkway,1,49975
Eleonore,A,Duplan,8/7/2015,7170 Cordelia Circle,0,87319
Robert,R,Cupper,10/28/2014,378 Manley Trail,2,49569
Meir,d,Grocutt,12/16/2018,63678 Susan Center,0,75963
Heywood,y,Peile,5/30/2021,6406 Arapahoe Drive,2,63270
Tabor,o,Varran,12/29/2013,23 Michigan Circle,2,31974
Xever,r,Goldis,5/14/2022,99549 Barby Center,1,38139
Edward,n,Marking,8/27/2020,3 Fair Oaks Crossing,1,22652
Erv,f,Le Brum,2/11/2018,90903 Harper Park,0,51349
Johanna,d,Fairman,12/28/2019,500 Elmside Terrace,0,72722
Celinda,D,Sutterby,6/1/2019,047 Gulseth Lane,1,60472
Pepito,K,Gerauld,2/9/2015,5970 Old Gate Avenue,1,75963
Harmonie,S,Gerald,12/3/2018,0 Scott Terrace,1,73285
Klemens,c,Gallardo,10/5/2019,659 Rutledge Circle,0,59456
Bobby,t,Szantho,5/4/2022,0 4th Terrace,0,79262
Daisey,v,Lainge,1/4/2016,8 1st Center,2,51809
Dieter,I,Wisdom,5/14/2014,1 Sage Hill,2,58177
Coralie,d,Delves,11/1/2021,4826 Talmadge Trail,2,94840
Hollyanne,t,Rodden,3/12/2020,518 Dayton Drive,2,31898
Wynny,O,Baldery,7/19/2018,0 Cody Parkway,1,89381
Shandee,l,Poe,10/20/2018,65 Amoth Hill,2,87798
Marcy,K,Blackstone,5/29/2019,04728 Carpenter Way,1,6358
Bertrando,K,Dell Casa,1/18/2021,17563 Welch Terrace,0,86496
Angil,J,Rooms,2/26/2017,7081 Pierstorff Place,0,76750
Benjamen,T,Knoles,12/20/2014,612 Spohn Avenue,0,93116
Emmaline,l,Davenell,1/17/2014,5 Green Center,2,7756
Onofredo,K,Crumley,1/7/2018,67788 Texas Junction,2,22293
Agathe,q,Castanyer,11/7/2013,86570 Karstens Pass,2,99566
Mirella,Q,Pes,6/10/2022,27 Commercial Road,1,92206
Estrellita,v,Corre,2/8/2022,39 Marquette Drive,1,71694
Tanhya,b,Boutton,1/23/2020,9 Saint Paul Terrace,0,49439
Lin,n,Mattson,10/25/2017,1 Wayridge Avenue,2,52574
Melania,V,Sissens,6/15/2019,20035 Dwight Park,2,77001
Cathrine,l,O' Molan,1/2/2022,29069 Grayhawk Center,1,43315
Merola,r,Spelsbury,7/1/2016,5 Mesta Road,2,8448
Doll,V,Lillgard,2/16/2020,27 Hoepker Center,2,92000
Bernette,r,Reye,10/5/2014,5770 Main Alley,0,97969
Mead,v,Corbally,2/21/2015,47581 Shelley Hill,0,27791
Dulcy,x,Tresise,8/25/2017,3297 Milwaukee Terrace,2,84039
Hettie,J,Goves,4/13/2018,882 Hansons Court,2,57385
Constantin,Y,Timmes,5/18/2018,34123 Loeprich Park,1,16144
Raye,z,Breawood,1/20/2014,4444 Bashford Alley,2,99985
Edee,F,Averill,2/14/2015,90557 Corscot Drive,2,50660
Kellen,v,Leving,11/23/2014,9 Forest Lane,1,71138
Rollin,H,Stilgo,9/14/2018,301 Namekagon Way,1,6456
Winthrop,N,Burnhill,2/24/2021,256 Trailsway Hill,1,93429
Kirbee,g,Bumfrey,6/12/2017,77318 Bartelt Junction,2,38661
Domenico,S,Eller,10/5/2013,2835 Scoville Center,1,86385
Kyla,Z,Drohan,2/2/2015,9 Cottonwood Circle,1,91432
Analise,M,Giral,10/31/2019,19282 Northridge Center,2,675
Edin,c,Yewdall,10/18/2019,087 Spenser Avenue,2,12312
Devondra,j,Vossgen,9/5/2016,767 Springview Plaza,2,84874
Shaylynn,T,Hobgen,9/12/2015,22639 Glacier Hill Road,2,91068
Isaiah,A,Yeend,7/8/2020,63 Milwaukee Lane,1,98293
Rose,x,Anselmi,2/20/2017,73528 Annamark Trail,0,775
Helsa,C,Andersch,4/14/2022,791 Huxley Avenue,1,41017
Corinna,c,Klaessen,11/24/2022,5 Dunning Alley,1,93919
Valma,Y,Buxy,11/6/2020,71025 Buena Vista Alley,2,63842
Yurik,G,Shayler,5/29/2015,635 Boyd Way,1,77613
Diena,H,Pippin,3/13/2021,2638 Crowley Court,2,1707
Yorker,L,Kyffin,2/19/2014,1793 Banding Road,1,84711
Stacia,H,Bernardos,5/11/2018,38422 Comanche Terrace,0,14860
Tully,k,Houliston,3/10/2016,467 Moland Circle,0,95701
Hamnet,Q,Trehearne,4/28/2015,669 Eliot Place,1,45841
Jorie,c,Tripony,9/2/2022,18 Vidon Trail,1,57194
Raven,z,Minghetti,4/5/2018,5717 Russell Point,1,52499
Luisa,X,BoHlingolsen,3/3/2015,3 Memorial Hill,1,76900
Melitta,J,Humphrys,2/12/2021,90 Clove Drive,1,75339
Nesta,E,Brotheridge,1/14/2015,14 Buell Lane,1,19901
Bradney,y,Fewlass,4/16/2022,9504 Hazelcrest Place,2,27789
Verne,F,Leeburne,6/9/2021,17800 Straubel Center,1,78618
Jennie,m,Vaud,12/28/2013,684 7th Pass,2,67676
Donnie,X,Jindra,6/26/2022,4 North Hill,0,98901
Joey,j,Pina,7/4/2018,66 Helena Pass,1,16600
Addy,A,Sanchis,1/7/2022,9849 Mariners Cove Drive,0,87259
Frederigo,V,Ghidoli,8/8/2017,93502 Esker Hill,2,15029
Josiah,X,Gotecliffe,3/13/2021,33 Annamark Park,2,46507
Fancie,C,Olekhov,8/17/2014,4772 Golden Leaf Plaza,1,83073
Janaye,c,Wingatt,3/10/2015,0889 Fremont Place,1,64170
Charlot,T,Chiddy,5/10/2018,7 Forest Parkway,0,20976
Cord,T,Grundell,3/3/2016,46401 Parkside Lane,1,53080
Willyt,Y,Corday,8/24/2014,00085 Rusk Parkway,0,39693
Konstance,H,McAline,3/5/2022,6 Towne Avenue,1,58862
Davy,b,Caldwall,9/2/2017,36 Steensland Lane,2,96405
Gratia,l,Bucklee,7/3/2020,513 Onsgard Hill,2,3909
Rosaline,p,Riggs,1/18/2015,463 Superior Drive,1,48550
Gallagher,t,Laflin,11/6/2014,7042 Magdeline Pass,1,99710
Devan,j,Domney,5/8/2021,9 Surrey Plaza,2,89332
Micky,l,Penke,12/26/2013,86556 American Ash Court,0,12900
Paquito,u,Roadnight,6/28/2017,927 Gale Park,1,57748
Fernanda,p,Van der Veldt,9/21/2019,759 Ohio Trail,2,95449
Conni,Q,Pitrelli,7/18/2019,7789 Tennessee Parkway,0,73651
Dulcinea,Y,Bogges,3/25/2019,802 Manley Junction,2,89538
Jenda,n,Wakeham,3/25/2021,41 Towne Lane,0,1999
Raoul,b,Leadston,11/3/2021,9 Cottonwood Alley,1,18116
Gertrud,D,Stranio,7/6/2013,9844 Blue Bill Park Alley,1,45303
Mic,s,Dax,2/25/2020,575 Comanche Road,1,85616
Conni,A,McGuff,10/30/2016,61 Springs Crossing,2,4881
Stanislaus,J,Scaplehorn,12/6/2015,9139 Meadow Vale Way,1,66912
Katerine,i,Giffaut,9/29/2021,210 School Hill,2,98362
Irwin,f,Gostling,5/1/2015,6228 Manitowish Pass,1,59875
Brynn,M,Gleeson,1/29/2022,6 Nobel Road,0,58252
Olivier,r,Jindrich,11/30/2016,3 Magdeline Parkway,0,14074
Eric,x,Stoner,2/8/2016,59979 Roxbury Center,1,51434
Joycelin,q,Flahive,10/20/2016,18 Cody Trail,2,206
Marcy,m,Coggins,4/30/2014,14 Southridge Street,0,15894
Greggory,S,Meedendorpe,10/25/2015,2 Jenifer Junction,1,27404
Nap,U,Evitt,9/16/2013,8341 Bowman Park,1,67175
Archie,A,Ayto,5/2/2015,44 Anderson Junction,2,57878
Lisette,l,Elleyne,6/13/2017,0533 Dexter Drive,1,70690
Ruy,K,Winterflood,11/25/2016,7 Forest Run Park,1,42989
Sidonia,D,Verduin,11/16/2017,48807 3rd Hill,2,51299
Ewen,o,Finicj,6/13/2017,8 Cardinal Terrace,0,56522
Raye,R,Brendish,5/17/2021,867 Fordem Pass,2,51855
Liv,t,Portugal,1/10/2022,37365 6th Street,0,51260
West,y,Dutt,6/12/2015,55482 Crescent Oaks Crossing,2,3844
Nicolina,M,Collings,4/22/2014,17 Monument Court,1,1915
Meggie,b,Habin,8/5/2014,40 Rieder Street,0,24390
Bella,e,O' Mahony,4/25/2014,32 Nevada Drive,2,93933
Krista,C,Blurton,2/22/2020,726 Carpenter Avenue,2,37687
Tamqrah,x,Leeburne,12/30/2016,9716 Sunfield Road,0,35107
Somerset,x,Joe,3/29/2020,5 Jay Place,1,13153
Deerdre,N,Calder,2/9/2022,36 Buena Vista Crossing,0,28475
Hi,w,Christley,4/8/2019,790 Anderson Pass,0,33720
Neal,S,Evequot,9/14/2015,941 Becker Plaza,0,77911
Ulrica,V,Kingswood,4/7/2018,2 Anthes Lane,2,40901
Devland,N,Mytton,7/14/2013,62871 Kenwood Alley,1,4896
Shandy,U,Ruste,7/1/2014,4 Gulseth Parkway,0,65453
Bartie,i,Rubinfajn,4/11/2021,15 Forster Lane,1,45844
Carr,E,Stackbridge,3/15/2021,0941 Lakeland Plaza,0,4914
Rance,b,Petyanin,1/23/2017,52 Melby Park,1,19659
Carlynne,C,Axelby,2/4/2014,8679 Tennessee Way,1,99249
Morlee,b,Sisnett,7/7/2021,932 Jenna Trail,0,1701
Karolina,t,Austing,12/30/2016,2 Ryan Trail,0,16180
Wini,V,McIlvaney,3/26/2014,0721 Corben Circle,1,35842
Cassy,E,Oughton,2/13/2021,1036 High Crossing Drive,1,20538
Candis,S,Storey,7/3/2017,175 Columbus Pass,2,96629
Washington,r,Parlor,8/14/2019,5 Barnett Trail,1,72649
Karola,k,Iveans,7/5/2014,68 Bultman Way,0,38986
Ofella,w,Meegin,11/8/2016,6573 Lukken Point,1,48238
Darleen,D,Stooke,9/16/2018,398 Fallview Crossing,2,10449
Mozelle,X,Aire,1/14/2021,83690 Oakridge Road,2,3981
Janine,c,Benedyktowicz,8/7/2020,7 Graedel Way,0,9088
Rhea,T,MacTimpany,5/26/2013,221 Meadow Valley Center,2,49555
Leanor,Q,Coetzee,11/4/2014,01 Butterfield Point,2,88806
Franklin,J,Gettins,3/27/2021,7537 Twin Pines Avenue,0,13514
Aubert,I,Bayns,10/19/2021,19745 Pennsylvania Lane,2,81983
Wolfgang,i,Bownd,4/21/2018,71345 Mallard Plaza,2,7333
Eileen,w,Zanni,4/1/2022,230 Farmco Trail,1,29197
Pincas,m,Yannoni,4/23/2017,46 Cottonwood Park,2,59638
Neddy,E,Corkill,9/20/2016,42191 Transport Pass,2,28266
Velvet,N,Lethley,8/3/2015,1 Northwestern Terrace,2,10641
Gates,V,Kyle,11/21/2020,3 Helena Place,1,52555
Grier,a,Kaines,12/11/2013,968 Express Lane,2,71109
Aveline,d,Petyakov,9/21/2019,178 Continental Terrace,2,15066
Ham,Q,Reijmers,6/17/2022,088 Mcguire Parkway,1,27453
Dredi,h,McIlwreath,8/4/2021,5363 Lerdahl Plaza,2,95937
Amaleta,Y,Beausang,5/17/2020,91176 Monica Drive,2,84186
Carri,V,Hardacre,4/11/2018,17 Del Mar Parkway,1,59097
Mill,F,Eakins,5/28/2019,89145 Linden Pass,0,1410
Dillon,L,Lefeuvre,10/8/2022,5 Express Drive,0,78050
Gerti,V,Cable,1/17/2015,590 Sutherland Street,0,59708
Zaccaria,j,Soans,12/22/2019,156 Monument Point,0,62189
Ediva,q,Leate,9/24/2013,7 Del Sol Drive,0,40546
Salomone,U,Ledbury,1/10/2020,0 Granby Lane,2,73422
Joannes,b,Artharg,12/15/2017,6 Moulton Pass,0,16421
Elora,S,Prator,12/3/2018,3504 Chinook Park,1,89334
Teirtza,Q,Olyfant,11/11/2022,61 Vahlen Alley,2,45744
Thom,A,Rozenzweig,5/25/2022,680 Old Shore Alley,2,73398
Dalli,Z,Tomasoni,8/27/2016,99 Barby Road,2,50849
Joletta,r,Cranham,12/6/2014,5 Bowman Road,1,32205
Errol,A,Vooght,7/27/2015,6 1st Court,2,91657
Margarethe,y,Tym,7/2/2018,48626 Jenna Circle,1,88246
Helyn,K,Rudsdell,6/21/2018,0 Vahlen Place,1,41313
Catha,a,Georgius,5/24/2015,25 Meadow Ridge Way,0,5560
Hayley,D,Kulicke,11/14/2016,21 Annamark Crossing,0,61195
Denny,w,Kibard,11/30/2017,78 Kipling Hill,2,88539
Cole,z,Coughan,7/22/2013,4072 Schurz Street,0,28666
Leonore,Q,Levi,9/10/2022,14 Debs Place,2,63700
Ricard,D,Halleday,11/27/2021,25228 Fairview Center,2,2066
Tana,g,Ketchen,11/10/2013,826 Village Green Drive,0,41433
Auberon,K,Burgoine,8/15/2017,83 Southridge Crossing,2,70144
Jennette,q,Rosedale,7/5/2017,23 Beilfuss Parkway,1,65164
Dicky,i,Celloni,10/28/2020,61 Del Sol Plaza,0,68977
Trude,p,Danilevich,7/9/2019,0 Sutherland Crossing,1,53869
Henry,y,Hourstan,10/29/2021,9 Di Loreto Street,1,49491
Tiffany,W,Varker,2/22/2015,82 Glendale Point,0,29690
Cornelia,d,Ellerton,11/8/2020,8 Morrow Court,2,66575
Randy,W,Frangleton,4/18/2015,21037 Waywood Road,2,50831
Zacharie,n,Harget,6/6/2022,8292 Bunker Hill Road,1,92363
Sollie,w,Lamb-shine,8/6/2014,39 Buena Vista Parkway,2,48242
Pren,m,Dashkov,10/23/2013,9536 Maywood Drive,0,87113
Lenci,u,Priddis,7/2/2016,9 Riverside Park,2,25145
Erminia,M,Caughey,5/29/2014,1990 North Point,2,21940
Helga,C,Corteis,8/8/2019,2483 Dawn Drive,2,51091
Fields,B,Conniam,5/10/2013,76 Emmet Place,2,89831
Birgit,g,Wentworth,4/13/2019,45 Crownhardt Way,2,16625
Carlota,G,Poytress,1/21/2014,39699 Burning Wood Drive,1,95563
Juditha,N,Jindra,1/12/2020,00 High Crossing Pass,0,12360
Karin,s,Meenan,6/7/2020,2 Chive Trail,2,36924
Shanan,M,Bachanski,9/21/2022,0 Ryan Crossing,0,3340
Corbie,R,Loynton,4/25/2022,2 8th Pass,1,19497
Zerk,P,Bridger,6/23/2016,1 Sutteridge Avenue,1,32016
Trevor,Y,Melbury,7/31/2022,6 Eagan Alley,0,44103
Ros,R,Nunson,3/31/2018,9494 Schurz Hill,1,30124
Lesya,S,Bassil,8/14/2014,88842 Rutledge Circle,0,63399
Muhammad,g,McAnulty,5/5/2019,5 Butternut Street,2,36515
Blaine,i,Canto,7/31/2019,929 Sheridan Trail,2,56326
Spike,y,Lakenden,8/4/2015,9605 Scott Point,2,14662
Hayyim,J,Plevey,2/22/2021,98885 Londonderry Center,2,11874
Prince,c,Skiplorne,7/27/2016,6967 Oakridge Alley,0,13759
Jacquette,F,Aldrich,2/17/2015,6 Scofield Road,2,93761
Yehudit,F,Eighteen,8/19/2018,955 Bluejay Parkway,0,62031
Ester,Y,Flieg,6/29/2019,47656 School Terrace,2,53646
Ester,p,Sharplin,5/28/2018,09 Summer Ridge Terrace,1,81879
Rayna,l,Toffolini,2/5/2015,5 Maywood Place,0,23637
Eldin,J,Tevlin,5/24/2013,5 6th Point,2,37081
Biddy,z,Tulip,10/4/2021,4806 Badeau Street,1,2569
Giovanni,P,Queyos,9/12/2016,4 4th Circle,2,78343
Donica,D,Hurren,12/26/2014,1 Banding Lane,0,61597
Joni,q,Castle,1/6/2018,5790 Laurel Drive,0,55935
Karola,C,Eskriet,7/5/2013,94 Anderson Drive,1,48037
Allis,l,Diter,10/20/2020,91581 Helena Terrace,2,22769
Trix,S,Burgwin,4/16/2022,4033 Longview Hill,0,31845
Marilyn,E,Orme,6/7/2019,2512 Lakewood Park,0,75303
Evered,u,Embury,7/19/2018,4160 Farragut Circle,0,3907
Fanechka,V,Goodday,10/8/2021,8111 Jenna Center,0,50148
Lotty,t,Winchurst,10/16/2021,50101 Westerfield Street,1,66394
Aloysia,j,Wicklin,3/23/2022,48 Forster Center,0,63859
Gnni,l,Sibbald,6/7/2021,42 Express Junction,0,35807
Adelina,y,Gaythwaite,6/27/2021,49 Paget Junction,1,26408
Adrian,j,Vaune,7/6/2020,49692 Morningstar Way,2,81831
Parker,U,Ganderton,6/20/2018,989 Mosinee Court,0,61834
Bordie,u,Poulston,5/12/2019,65641 Bowman Circle,1,26351
Tanney,E,Poskitt,2/22/2018,7 Havey Parkway,2,2628
Ana,k,Sambrook,7/23/2022,351 Loeprich Way,1,22773
Zelma,H,Brasener,6/8/2013,39523 Carberry Court,2,94316
Charity,e,Vella,1/5/2016,9 Granby Center,0,29499
Lee,v,Cotelard,2/27/2020,7 Novick Hill,2,84783
Codie,b,Hilland,7/4/2017,08125 Magdeline Road,1,68594
Jolie,b,Huguenet,6/3/2014,06 Jenna Alley,2,58322
Audry,H,Chamley,9/27/2017,008 Graedel Street,2,16430
Wyndham,R,Giurio,12/15/2019,2843 Stang Trail,2,37458
Rhiamon,U,Harman,6/18/2013,05587 Grover Point,0,87335
Gunter,w,Popworth,1/17/2019,7739 Village Green Road,0,30550
Margaretta,X,Penvarden,1/13/2022,3553 Rockefeller Alley,2,53457
Leilah,w,Ives,5/3/2016,42408 Crownhardt Lane,0,31254
Chancey,f,Mussilli,9/16/2021,11 Manley Crossing,1,83914
Alexandrina,X,Etter,12/2/2019,328 Oak Parkway,1,39064
Sebastien,R,Woodger,6/20/2021,77 Hintze Alley,2,94483
Normand,T,Cadle,9/1/2015,32 Mcbride Point,2,56269
Erinna,C,Zorzi,11/14/2015,6 Cottonwood Street,0,42099
Lorne,J,Cope,3/18/2016,59 Service Terrace,2,12805
Hilary,l,Hickisson,9/11/2021,30830 Washington Center,1,65971
Frankie,D,Broschek,9/22/2015,8 Sherman Trail,2,75109
Nowell,N,Coalbran,3/19/2015,95223 Orin Way,2,18686
Sibyl,S,Hallows,7/28/2015,34278 Bonner Pass,1,89453
Basil,U,Merfin,10/27/2016,0 Jackson Hill,2,15559
Cleveland,t,Quickfall,8/11/2020,1428 Sage Street,2,72411
Gallagher,D,Neenan,10/14/2016,96763 Rutledge Plaza,2,85696
Nancy,e,Martill,9/21/2022,6854 Burrows Drive,2,90854
Jamesy,W,Laxston,2/8/2022,2 Hoepker Court,2,79187
Valma,c,Collough,5/5/2015,7 Golf Junction,2,69500
Tymon,w,Sowman,4/7/2019,5629 Oneill Way,1,57290
Janette,G,Eldritt,6/9/2020,16 Canary Road,0,98151
Alane,a,Noni,3/11/2021,23 Manitowish Place,1,64857
Chicky,z,Escalero,11/28/2016,4455 Main Avenue,0,96200
Calv,Y,Ludlow,11/9/2013,7 Sommers Crossing,2,37881
Vanessa,t,MacPhaden,6/11/2015,2657 Sycamore Hill,2,4920
Cozmo,w,McIlhagga,5/4/2021,0125 Moulton Circle,0,90496
Heinrik,y,Tolworthy,12/9/2016,71 Northfield Parkway,1,76504
Bobette,a,Kerrich,10/10/2014,58 Summerview Way,0,85528
Denney,Q,Joannidi,4/11/2022,1214 Shelley Plaza,2,70502
Filia,S,Jaszczak,1/19/2021,904 Kedzie Terrace,0,55885
Marney,x,Snassell,8/21/2021,6917 Green Ridge Place,1,99861
Lottie,e,Tattershaw,2/16/2015,0149 Muir Point,0,98291
Merrielle,D,Wanklin,6/8/2022,4184 Leroy Parkway,1,78169
Geralda,K,Otto,11/8/2016,656 Thackeray Place,0,90284
Bernetta,t,Lamminam,4/1/2021,986 Spenser Court,0,64362
Candi,a,Lundbeck,5/11/2019,02 Toban Center,2,986
Liliane,c,L'Episcopi,9/22/2015,4376 Pine View Road,1,71176
Devlin,n,McGrath,10/9/2013,429 Milwaukee Street,1,93436
Thorin,l,Portman,12/28/2021,39 Delladonna Parkway,1,91481
Abbye,R,Caldicott,8/26/2013,053 Orin Alley,0,2647
Meriel,t,Curnick,7/21/2016,40 Susan Lane,0,82890
Lem,N,Le Sieur,6/23/2015,087 Prairie Rose Park,2,46864
Stacee,D,Taberner,7/17/2021,41354 Grasskamp Park,1,36940
Odille,I,Bond,4/14/2017,4 South Street,0,46327
Kaycee,L,Lipsett,8/5/2018,61728 Pawling Point,0,38654
Ulrick,i,Cona,3/17/2017,54792 Elmside Center,0,99500
Darrelle,M,Van den Velde,3/5/2017,54 Roth Way,1,40447
Steffie,f,Brahams,11/27/2018,92 Merchant Avenue,0,307
Bill,f,Jonson,7/18/2021,68 Lindbergh Alley,1,57969
Tucky,U,Svanetti,9/5/2016,6211 Merrick Junction,0,58457
Greer,j,Veare,11/7/2021,2 Canary Hill,0,86354
Gale,T,Giacomelli,11/25/2019,90 Hermina Plaza,2,73598
Anita,T,Coleiro,11/5/2015,21571 Green Court,2,10595
Ignacius,m,Hatfull,3/7/2018,49737 Bartelt Lane,1,72412
Howey,g,Tavernor,1/11/2015,0253 Hovde Parkway,1,54143
Kennett,p,Casolla,1/10/2019,3931 Morningstar Junction,1,95216
Levi,K,Blaksland,2/26/2021,01928 Division Park,1,33331
Coreen,e,Ockleshaw,5/8/2017,9806 Sage Alley,1,3255
Shell,R,Presswell,7/16/2015,66187 Westport Way,2,67724
Susanna,k,Staziker,4/23/2014,79254 Ramsey Drive,2,26673
Konstanze,c,Ten Broek,12/29/2021,0 Nelson Court,2,23315
Mel,R,Molson,2/6/2019,9082 Toban Junction,1,5692
Aggi,D,Manssuer,9/30/2016,802 Kim Park,2,55473
Raye,V,Lindeboom,2/20/2018,16268 Atwood Parkway,2,62037
Lori,a,Cockett,4/7/2019,6592 Dahle Way,1,61630
Germaine,M,Struan,4/18/2022,34 Moose Court,0,26028
Genvieve,T,Massy,11/5/2017,633 Hoepker Court,1,12319
Ilaire,g,Holbie,1/17/2020,4 Orin Center,0,54442
Emmanuel,L,Gatland,10/24/2015,75834 Algoma Drive,2,26794
Silvanus,U,Carnock,12/6/2016,10 Erie Parkway,1,41806
Deirdre,Q,Browse,1/25/2019,1 Dahle Road,1,82066
Bartram,H,Rippon,6/13/2018,498 Melby Point,0,94071
Johnath,G,Bagott,6/30/2013,117 Lakewood Court,2,46820
Elbertina,u,Haggis,9/15/2020,325 Merry Pass,1,97377
Tiebold,k,Keenleyside,11/4/2021,1 Washington Junction,0,73763
Mirabel,P,Allder,9/12/2016,19 Warbler Point,0,117
Dennie,d,Learned,5/10/2022,02725 Milwaukee Street,0,39935
Rochella,J,McGorley,4/11/2015,6492 Vermont Place,2,73319
Davina,m,Haizelden,12/25/2015,9 Rieder Place,0,76992
Hadlee,A,Zellmer,1/19/2018,01621 Hauk Center,2,80940
Tomas,x,Bearblock,2/10/2017,321 Katie Place,2,90285
Trista,a,Cupper,8/15/2014,8 Harbort Plaza,1,22828
Madelaine,u,Heberden,1/24/2016,02 Basil Park,1,87358
Philippa,X,Anstie,10/16/2013,7883 Hollow Ridge Point,1,27045
Tatum,F,Dradey,3/28/2018,13 Dunning Plaza,2,67443
Vinni,Z,Shippey,6/24/2020,3641 Westport Parkway,0,91272
Ivory,C,Creed,3/25/2014,486 Sunnyside Hill,2,86623
Dulcinea,B,Habergham,6/12/2021,2098 Esch Junction,0,84683
Rolland,v,Ryman,10/3/2020,0 Ridge Oak Court,1,65669
Isa,L,Regina,2/28/2020,7050 Arrowood Plaza,2,26046
Quincey,T,Earey,9/2/2015,37453 Pond Avenue,2,27556
Norby,T,Fairburn,3/20/2017,4 Gerald Center,2,61597
Jean,N,Alebrooke,5/5/2018,1 Drewry Avenue,1,92032
Desmund,q,Epton,10/21/2019,9 Judy Avenue,1,26591
Elsworth,Q,Mc Gorley,9/19/2017,57 Donald Junction,0,68741
Niki,B,Cuthbert,3/14/2020,22 Morrow Street,2,5280
Alic,m,Cyson,4/10/2017,82573 Warner Crossing,2,96710
Jeno,e,Ratnage,8/20/2022,038 American Ash Point,0,55514
Gertie,u,Gorring,9/8/2021,1332 Dwight Court,0,70366
Corey,g,Franceschino,12/16/2019,0 Farmco Point,0,23623
Jilli,S,Rembaud,10/24/2020,91 Kenwood Point,2,905
Patrice,K,Rope,9/21/2018,6 Glacier Hill Place,1,95209
Jamie,l,Keyte,7/26/2016,12 Jackson Alley,0,47352
Nealon,W,Goulder,9/27/2022,9586 Golf Course Hill,0,39755
Fanchette,s,Lutz,10/25/2014,79 Stone Corner Parkway,0,99551
Blake,m,Bartoszinski,5/8/2020,2163 Nancy Parkway,1,14257
Angus,A,Lambarton,5/19/2022,8787 Arrowood Way,1,70281
Daveen,f,Littley,4/9/2022,9126 Butternut Court,1,76436
Tarrance,j,Thurby,11/23/2013,8250 Moland Center,2,84060
Linette,M,Swannack,9/30/2015,1 Eastlawn Pass,0,79630
Ardra,p,Abbys,7/27/2017,6424 Twin Pines Terrace,2,44226
Colet,c,Fragino,11/2/2021,35324 Mockingbird Terrace,2,3562
Pansy,q,Ladel,7/9/2013,18153 Jana Pass,0,90746
Myrwyn,U,Sargant,9/4/2019,475 Sage Trail,1,15116
Alejandrina,W,Scarsbrick,7/12/2015,446 Buhler Plaza,2,86078
Kippy,S,Ochterlony,1/2/2015,46948 Village Court,1,16796
Milissent,E,Swabey,9/14/2017,2 Daystar Pass,2,15190
Kirbie,j,Stead,4/6/2020,579 Spaight Crossing,1,84974
Paloma,g,Pettendrich,3/27/2020,32 Spenser Circle,1,49174
Denna,f,Sheehan,11/27/2017,4313 Trailsway Drive,1,5224
Desirae,o,Debling,8/8/2020,65808 Messerschmidt Trail,1,36337
Erina,M,Flewitt,6/21/2019,65527 Valley Edge Way,2,95029
Cathyleen,m,Klaiser,5/9/2018,1392 Barby Center,0,1729
Ricky,i,Smeuin,11/28/2022,43490 Ohio Drive,2,30668
Ailis,w,Dunn,4/12/2014,593 Pearson Way,1,40696
Valeria,t,Renachowski,5/17/2017,7 Eastlawn Pass,2,241
Harrietta,l,Bridywater,11/6/2015,5477 Anderson Hill,1,9887
Ignace,W,Basten,4/6/2021,3 2nd Avenue,2,69055
Coralyn,O,Sancho,1/6/2018,3711 Dovetail Parkway,0,68257
Tomkin,S,Gritskov,5/24/2013,31578 Kipling Terrace,1,21312
Adham,t,Bauckham,4/2/2018,3680 Manitowish Court,0,34356
Fairleigh,i,Tuiller,10/18/2018,48 Hanover Avenue,0,7674
Veronika,c,Bailles,6/20/2021,50022 Butternut Avenue,2,68553
Bancroft,x,Dew,3/14/2018,11 Green Court,2,56194
Natty,U,Hulls,8/28/2021,61 Main Avenue,0,22372
Davon,l,Samme,5/12/2021,3 Dryden Drive,2,88970
Conrad,l,Anker,9/21/2013,66 Carberry Circle,1,37898
Merilyn,N,Salla,9/28/2019,7 Butternut Terrace,2,72240
Dina,x,Lowseley,6/7/2017,219 Dakota Court,2,56198
Hamish,U,Rosenboim,1/25/2014,210 Clyde Gallagher Pass,2,73583
Maurizio,b,Andrault,2/15/2018,7548 Crescent Oaks Road,1,10366
Desdemona,A,Sturm,9/27/2019,000 Coleman Parkway,2,64247
Bendicty,D,Ecclesall,7/7/2017,40 Carey Point,0,94756
Adelle,B,Allsep,7/24/2015,80 Ilene Crossing,1,26111
Joanne,l,Joynt,2/8/2016,85551 3rd Alley,0,92443
Glynda,i,Branscombe,9/4/2022,23 Novick Road,0,77157
Jackqueline,K,Caltera,2/23/2016,6109 Lyons Plaza,1,74352
Saudra,I,Malecky,7/18/2020,0 Merry Crossing,0,61726
Remington,Y,Breeder,2/16/2020,181 Loomis Crossing,0,14524
Athene,J,Barnish,12/24/2021,5694 Del Mar Terrace,2,66746
Ronni,W,Jaycock,10/18/2015,727 Clyde Gallagher Trail,0,66829
Flo,B,Landrieu,7/7/2022,519 Sloan Crossing,2,66501
Verla,G,Klemz,9/10/2017,3 Gulseth Parkway,2,62783
Renie,h,Jura,2/24/2019,24095 Mayfield Alley,0,73777
Marius,z,Goodwell,9/25/2019,55102 Farragut Parkway,1,12519
Ilise,Z,Kearey,7/31/2017,6 Chive Lane,2,51264
Peg,J,Durak,4/22/2018,365 Forster Avenue,0,86791
Callida,X,Donnellan,11/30/2020,88 Porter Plaza,1,69270
Kikelia,Q,Kleinert,4/23/2015,3 Algoma Point,2,16392
Sisile,Y,Youel,12/6/2016,73060 Ohio Alley,0,13589
Stillmann,n,McElory,5/13/2020,90 Morrow Point,0,17424
Lindy,x,Boame,12/28/2014,28 Heffernan Circle,1,80478
Kizzie,B,Glancey,4/15/2021,237 Monterey Road,1,71592
Davis,S,Camplejohn,5/27/2018,2 Surrey Plaza,0,39109
Kennie,W,Cristofolini,12/5/2021,8420 Northwestern Park,1,30352
Dalton,X,Crummay,3/5/2020,199 International Plaza,2,608
Karola,H,Sedcole,2/1/2014,379 Park Meadow Parkway,1,16762
Lianna,E,Lazer,2/25/2014,4 Tony Lane,1,19641
Gusti,H,Mc Harg,9/7/2022,0119 Karstens Lane,0,30146
Emanuel,A,Twede,7/23/2021,82016 Dawn Trail,2,97832
Marnia,f,Braznell,9/8/2018,8739 Cherokee Circle,1,89603
Berkie,Z,Arblaster,7/26/2022,9643 Mcguire Street,2,51348
Claudian,Q,Goodlad,6/2/2018,05909 Gerald Place,1,66506
Kelvin,Y,Gradwell,12/22/2016,4 Gerald Circle,1,596
Johannah,u,Howison,12/5/2019,106 Little Fleur Center,0,3907
Drew,Z,Lowles,11/2/2020,32447 Amoth Trail,1,28530
Luigi,G,Olding,6/12/2016,06397 Sutherland Street,0,55301
Alvira,n,Spowage,11/19/2020,9531 Banding Plaza,2,42296
Errick,N,Thorsen,6/25/2019,5 Little Fleur Pass,1,90934
